{"cameraMode":{"drawMode":0,"name":"Shaded","section":"Shading Mode"},"sceneLighting":true,"audioPlay":false,"sceneViewState":{"m_AlwaysRefresh":false,"showFog":true,"showSkybox":true,"showFlares":true,"showImageEffects":true,"showParticleSystems":true,"showVisualEffectGraphs":true,"m_FxEnabled":true},"in2DMode":false,"pivot":{"x":227.9327392578125,"y":30.025184631347658,"z":388.78350830078127},"rotation":{"x":0.15959526598453523,"y":0.6680839657783508,"z":-0.15001046657562257,"w":0.7111698985099793},"size":77.30726623535156,"orthographic":false}